,city,lat,lon,MaxTemp,Humidity,Cloudiness,WindSpeed,Country,Date
0,Saint-Philippe,-21.36,55.77,78.8,78,0,18.34,RE,1608484290
1,Sinnamary,5.38,-52.95,82.92,75,84,7.76,GF,1608484290
2,Atuona,-9.8,-139.03,78.37,77,0,19.35,PF,1608484290
3,Kaeo,-35.1,173.78,59.0,96,43,3.0,NZ,1608484291
4,Hobyo,5.35,48.53,79.12,76,0,19.66,SO,1608484291
5,New Norfolk,-42.78,147.06,48.99,68,48,0.6,AU,1608484291
6,Lázaro Cárdenas,17.96,-102.2,82.65,51,40,5.68,MX,1608484291
7,Ribeira Grande,38.52,-28.7,66.2,82,40,19.46,PT,1608484291
8,Hobart,-42.88,147.33,48.99,87,42,5.82,AU,1608484291
9,Kapaa,22.08,-159.32,75.2,88,75,18.34,US,1608484506
10,Uglovoye,44.82,33.6,38.64,77,27,13.78,UA,1608484291
11,Bengkulu,-3.8,102.27,74.98,86,99,4.45,ID,1608484292
12,Ushuaia,-54.8,-68.3,62.6,42,40,18.34,AR,1608484154
13,Tall Kayf,37.08,41.07,47.43,61,1,1.07,TR,1608484292
14,Swift Current,50.28,-107.8,37.4,69,75,27.51,CA,1608484292
15,Abu Samrah,35.3,37.18,54.68,66,6,7.49,SY,1608484507
16,Souillac,-20.52,57.52,78.8,78,40,9.17,MU,1608484292
17,Albany,42.6,-73.97,33.01,72,100,4.92,US,1608484184
18,Chokurdakh,70.63,147.92,-17.75,89,68,9.69,RU,1608484293
19,Yumbel,-37.08,-72.57,71.6,40,0,12.75,CL,1608484293
20,Saldanha,-33.01,17.94,77.0,50,1,10.29,ZA,1608484508
21,Longjiang,47.33,123.18,15.28,81,22,3.67,CN,1608484510
22,Avarua,-21.21,-159.78,71.6,88,100,1.12,CK,1608484511
23,Bubaque,11.28,-15.83,80.83,56,3,11.21,GW,1608484512
24,Punta Arenas,-53.15,-70.92,59.0,58,0,34.45,CL,1608484293
25,Hambantota,6.12,81.12,77.72,84,100,18.45,LK,1608484293
26,Carnarvon,-24.87,113.63,77.0,73,0,25.28,AU,1608483995
27,Necochea,-38.55,-58.74,63.0,59,96,5.99,AR,1608484294
28,Katsuura,35.13,140.3,39.2,38,40,18.34,JP,1608484294
29,Yellowknife,62.46,-114.35,-18.0,75,90,8.05,CA,1608484122
30,Ayan,56.45,138.17,1.36,83,76,2.48,RU,1608484295
31,Nanortalik,60.14,-45.24,26.04,90,100,7.23,GL,1608484295
32,Yibin,28.77,104.62,43.32,70,6,2.21,CN,1608484295
33,Nikolskoye,59.7,30.79,35.6,93,90,6.71,RU,1608484295
34,Busselton,-33.65,115.33,55.0,81,0,14.25,AU,1608484295
35,Saint Paul Harbor,57.79,-152.41,15.8,85,1,6.93,US,1608484145
36,Rawson,-43.3,-65.1,73.72,27,15,1.52,AR,1608484295
37,Karratha,-20.74,116.85,87.35,47,48,17.43,AU,1608484057
38,Lamar,33.67,-95.58,52.0,93,1,4.7,US,1608484296
39,Puerto Quijarro,-17.78,-57.77,102.88,25,46,7.07,BO,1608484296
40,Provideniya,64.38,-173.3,-4.72,87,2,13.49,RU,1608484296
41,Benguela,-12.58,13.41,80.6,69,75,6.93,AO,1608484296
42,Castro,-24.79,-50.01,83.61,56,20,8.9,BR,1608484296
43,Saint George,37.1,-113.58,28.4,58,1,1.32,US,1608484186
44,La Ronge,55.1,-105.28,-2.2,77,90,9.17,CA,1608484296
45,Qaanaaq,77.48,-69.36,-1.61,75,64,5.7,GL,1608484297
46,Kasane,-17.82,25.15,82.4,61,40,8.05,BW,1608484297
47,Makkah al Mukarramah,21.43,39.83,76.75,57,0,3.87,SA,1608484184
48,Willmar,45.12,-95.04,33.8,74,1,11.41,US,1608484298
49,Homer,59.64,-151.55,30.99,100,20,4.7,US,1608484019
50,Salinópolis,-0.61,-47.36,85.21,65,16,13.0,BR,1608484298
51,Vaini,-21.2,-175.2,77.0,94,0,8.05,TO,1608484298
52,Kismayo,-0.36,42.55,79.59,78,26,12.88,SO,1608484028
53,Hūn,29.13,15.95,64.74,41,0,12.95,LY,1608484298
54,Bluff,-46.6,168.33,46.0,92,88,1.01,NZ,1608484298
55,Leningradskiy,69.38,178.42,-1.32,90,100,8.75,RU,1608484298
56,Lompoc,34.64,-120.46,44.6,69,1,8.05,US,1608484299
57,Emerald,-23.53,148.17,78.8,74,5,12.75,AU,1608484299
58,Umluj,25.02,37.27,75.56,60,0,4.54,SA,1608484299
59,Puerto Ayora,-0.74,-90.35,78.8,69,40,19.46,EC,1608484299
60,Port Alfred,-33.59,26.89,73.0,91,69,5.01,ZA,1608484299
61,Bodden Town,19.28,-81.25,84.2,70,20,13.87,KY,1608484299
62,Suixi,33.89,116.77,34.18,80,34,3.89,CN,1608484300
63,Airai,-8.93,125.41,62.13,100,99,3.11,TL,1608484300
64,Kaitangata,-46.28,169.85,54.0,90,98,17.0,NZ,1608484300
65,San Miguel de Tucumán,-26.82,-65.22,80.6,36,0,3.36,AR,1608484190
66,Rikitea,-23.12,-134.97,76.77,78,6,22.5,PF,1608484300
67,Leshukonskoye,64.9,45.76,16.92,97,99,5.23,RU,1608484300
68,Cayenne,4.93,-52.33,84.2,74,100,8.05,GF,1608484301
69,Plettenberg Bay,-34.05,23.37,70.03,82,8,14.97,ZA,1608484301
70,Porbandar,21.64,69.61,70.88,36,9,12.17,IN,1608484301
71,Coquimbo,-29.95,-71.34,60.8,72,20,14.99,CL,1608484301
72,Aden,12.78,45.04,79.11,77,10,16.44,YE,1608484095
73,Sitka,57.05,-135.33,39.2,77,90,8.05,US,1608484301
74,Butaritari,3.07,172.79,80.85,82,57,18.25,KI,1608484301
75,Eureka,40.8,-124.16,54.0,97,33,1.01,US,1608484302
76,Chumikan,54.72,135.31,-7.51,82,92,27.38,RU,1608484302
77,Tuatapere,-46.13,167.68,46.0,92,100,1.01,NZ,1608484302
78,Lebu,-37.62,-73.65,58.77,70,1,18.43,CL,1608484218
79,Klaksvík,62.23,-6.59,42.8,100,61,8.05,FO,1608484302
80,Tasiilaq,65.61,-37.64,21.2,48,100,3.36,GL,1608484302
81,Chui,-33.7,-53.46,74.62,43,0,15.9,UY,1608484303
82,Jieshi,22.81,115.83,55.72,58,100,13.53,CN,1608484303
83,Cotonou,6.37,2.42,86.0,79,40,12.75,BJ,1608484095
84,Potiskum,11.71,11.07,80.22,18,1,8.28,NG,1608484270
85,Jamestown,42.1,-79.24,36.0,98,90,9.17,US,1608484246
86,Benghazi,32.12,20.07,64.36,61,18,12.17,LY,1608484087
87,Cabo San Lucas,22.89,-109.91,70.0,77,75,3.36,MX,1608484287
88,Tanout,14.97,8.89,76.87,17,0,9.69,NE,1608484229
89,Montalto Uffugo,39.4,16.16,53.01,95,91,5.48,IT,1608484304
90,Cedral,23.8,-100.73,59.94,59,61,4.56,MX,1608484304
91,Ancud,-41.87,-73.82,57.2,67,90,3.36,CL,1608484304
92,Barrow,71.29,-156.79,-18.4,75,1,14.99,US,1608484304
93,Nizhniy Baskunchak,48.22,46.83,23.74,89,100,11.45,RU,1608484304
94,Tessalit,20.2,1.01,74.14,19,0,10.85,ML,1608484304
95,Tuktoyaktuk,69.45,-133.04,-41.8,64,40,4.7,CA,1608484304
96,San Cristobal,7.77,-72.22,84.2,54,40,5.82,VE,1608484305
97,Mago,53.25,140.18,-21.01,85,0,1.52,RU,1608484305
98,Mataura,-46.19,168.86,46.0,92,100,1.01,NZ,1608484305
99,Ushumun,52.78,126.53,-5.76,92,100,0.98,RU,1608484305
100,Thompson,55.74,-97.86,-13.0,75,75,5.82,CA,1608484305
101,Vostok,46.49,135.88,-11.83,91,38,5.79,RU,1608484305
102,Aklavik,68.22,-135.01,-43.6,64,5,3.36,CA,1608484305
103,Beipiao,41.79,120.78,12.67,83,0,3.49,CN,1608484306
104,Marawi,8.0,124.29,75.0,92,91,1.99,PH,1608484306
105,Zhangye,38.93,100.45,17.73,65,0,4.81,CN,1608484306
106,Tautira,-17.73,-149.15,75.2,88,40,1.12,PF,1608484306
107,Klamath Falls,42.22,-121.78,37.99,80,75,4.47,US,1608484110
108,Bethel,41.37,-73.41,30.99,68,90,4.27,US,1608484306
109,Hermanus,-34.42,19.23,75.99,62,1,8.01,ZA,1608484306
110,Belaya Gora,68.53,146.42,-31.76,84,51,2.53,RU,1608484307
111,Santa Cruz Cabrália,-16.28,-39.02,84.2,66,40,17.22,BR,1608484307
112,Sovetskiy,61.36,63.58,10.98,91,97,11.23,RU,1608484307
113,Longyearbyen,78.22,15.64,5.0,60,0,28.86,SJ,1608484165
114,Ketchikan,55.34,-131.65,37.4,93,90,3.36,US,1608484307
115,Shimoda,34.67,138.95,30.99,74,72,2.98,JP,1608484308
116,Zárate,-34.1,-59.03,73.99,40,75,19.46,AR,1608484308
117,Ambilobe,-13.2,49.05,76.75,92,100,1.41,MG,1608484308
118,Baykit,61.67,96.37,-19.73,83,47,2.01,RU,1608484308
119,Vardø,70.37,31.11,30.2,92,90,24.16,NO,1608484308
120,Grindavik,63.84,-22.43,33.8,74,40,24.16,IS,1608484308
121,Puerto Escondido,15.85,-97.07,83.79,57,39,4.99,MX,1608484308
122,Burla,21.5,83.87,61.14,37,28,3.15,IN,1608484308
123,Port Hedland,-20.32,118.57,86.0,74,40,17.22,AU,1608484309
124,Santa Maria,-29.68,-53.81,73.4,53,40,9.17,BR,1608484309
125,Carutapera,-1.2,-46.02,87.24,57,36,10.04,BR,1608484309
126,Połczyn-Zdrój,53.76,16.1,34.0,96,81,1.99,PL,1608484309
127,Uchiza,-8.46,-76.46,82.63,72,16,1.41,PE,1608484309
128,Khatanga,71.97,102.5,-33.47,84,92,2.33,RU,1608484309
129,São José da Coroa Grande,-8.9,-35.15,83.25,65,0,13.8,BR,1608484309
130,Krasnovishersk,60.41,57.08,11.17,95,100,9.15,RU,1608484310
131,Niamey,13.51,2.11,93.2,7,22,10.29,NE,1608484310
132,Clyde River,70.47,-68.59,-2.2,84,90,14.99,CA,1608484310
133,Nicoya,10.15,-85.45,87.8,52,20,17.22,CR,1608484310
134,Fortuna,40.6,-124.16,54.0,93,90,5.82,US,1608484310
135,Iqaluit,63.75,-68.51,1.4,64,75,6.93,CA,1608484310
136,Ilulissat,69.22,-51.1,12.2,43,20,11.41,GL,1608484180
137,Aykhal,66.0,111.5,-32.8,66,90,6.2,RU,1608484311
138,Porto Santo,33.07,-16.34,64.4,72,20,6.93,PT,1608484311
139,Millbrook,32.48,-86.36,54.0,81,90,4.7,US,1608484311
140,Dikson,73.51,80.55,-28.7,82,5,6.38,RU,1608484311
141,Irupi,-20.35,-41.64,79.81,75,100,3.49,BR,1608484311
142,Okakarara,-20.58,17.43,81.52,45,100,6.35,NA,1608484311
143,Bredasdorp,-34.53,20.04,71.6,68,7,14.99,ZA,1608484311
144,Nhulunbuy,-12.23,136.77,78.8,88,100,9.24,AU,1608484312
145,Mana,5.66,-53.78,81.28,80,70,8.34,GF,1608484312
146,Vila,42.03,-8.16,51.01,90,86,11.99,PT,1608484312
147,Severo-Kuril'sk,50.68,156.12,27.86,93,89,12.82,RU,1608484312
148,Presidente Médici,-11.18,-61.9,91.04,55,78,4.54,BR,1608484312
149,Kimbe,-5.55,150.14,76.03,88,48,3.27,PG,1608484312
150,Nuuk,64.18,-51.72,24.8,58,75,10.29,GL,1608484313
151,Rocha,-34.48,-54.33,69.69,50,45,22.1,UY,1608484313
152,Hilo,19.73,-155.09,69.8,88,90,3.36,US,1608484313
153,Yulara,-25.24,130.99,71.6,73,100,6.93,AU,1608484313
154,Hastings,50.86,0.57,46.99,72,82,3.0,GB,1608484313
155,Batagay-Alyta,67.8,130.41,-28.55,84,93,1.72,RU,1608484313
156,Cape Town,-33.93,18.42,77.0,64,20,18.34,ZA,1608484314
157,Olafsvik,64.89,-23.71,30.38,89,100,18.57,IS,1608484314
158,Mehamn,71.04,27.85,30.2,74,90,21.92,NO,1608484314
159,Alyangula,-13.85,136.42,78.8,100,100,12.75,AU,1608484314
160,Camaná,-16.62,-72.71,72.16,68,70,8.66,PE,1608484314
161,Dunedin,-45.87,170.5,52.0,86,98,5.01,NZ,1608484314
162,Llanes,43.42,-4.75,59.0,61,100,8.03,ES,1608484314
163,Kavaratti,10.57,72.64,82.02,68,48,6.55,IN,1608484315
164,Vila Franca do Campo,37.72,-25.43,62.6,93,75,13.87,PT,1608484315
165,Lermontovka,47.15,134.34,-2.22,90,16,5.28,RU,1608484315
166,Klaeng,12.78,101.65,69.01,68,68,11.45,TH,1608484315
167,Mahébourg,-20.41,57.7,78.8,78,40,9.17,MU,1608484315
168,Moree,-29.47,149.85,71.6,60,40,5.82,AU,1608484315
169,Deputatsky,69.3,139.9,-26.09,88,100,3.4,RU,1608484315
170,San Patricio,28.02,-97.52,63.0,100,40,5.82,US,1608484316
171,Juneau,58.3,-134.42,37.99,74,90,6.93,US,1608484135
172,Salé,34.04,-6.82,62.6,82,40,10.56,MA,1608484316
173,Balclutha,-46.23,169.75,54.0,90,98,17.0,NZ,1608484316
174,Nioro,13.35,-15.75,97.43,12,27,8.21,GM,1608484316
175,Puerto Baquerizo Moreno,-0.9,-89.6,75.2,88,75,10.29,EC,1608484316
176,Madimba,-10.4,40.33,82.4,78,20,11.41,TZ,1608484317
177,Westport,41.14,-73.36,34.0,74,90,3.36,US,1608484317
178,Luyang,27.62,110.1,36.16,81,3,1.66,CN,1608484317
179,Fort Nelson,58.81,-122.7,-9.4,76,75,12.75,CA,1608484317
180,George Town,5.41,100.34,78.8,88,20,3.36,MY,1608484180
181,Norman Wells,65.28,-126.83,-29.2,66,75,3.36,CA,1608484317
182,Pisco,-13.7,-76.22,72.0,83,0,9.17,PE,1608484317
183,Guerrero Negro,27.98,-114.06,63.72,30,100,4.07,MX,1608484318
184,Lüderitz,-26.65,15.16,69.8,73,81,16.11,NA,1608484318
185,Lorengau,-2.02,147.27,82.13,74,80,5.08,PG,1608484318
186,Torbay,47.67,-52.73,28.0,86,90,11.41,CA,1608484318
187,Trairi,-3.28,-39.27,87.46,57,48,17.83,BR,1608484268
188,Mar del Plata,-38.0,-57.56,57.2,82,75,17.22,AR,1608484235
189,Brae,60.4,-1.35,46.4,81,20,19.46,GB,1608484318
190,Alice Springs,-23.7,133.88,73.4,94,90,3.36,AU,1608484318
191,Téra,14.01,0.75,89.51,14,0,8.21,NE,1608484319
192,Jaisalmer,26.91,70.92,61.32,27,91,7.11,IN,1608484319
193,Kiryat Gat,31.61,34.76,62.01,73,0,4.94,IL,1608484319
194,Chara,56.91,118.26,-2.45,79,21,3.13,RU,1608484319
195,East London,-33.02,27.91,73.4,88,75,9.17,ZA,1608484094
196,Upernavik,72.79,-56.15,9.18,85,89,5.7,GL,1608484319
197,Kholtoson,50.3,103.31,1.63,85,65,4.16,RU,1608484320
198,Ponta do Sol,32.67,-17.1,66.2,68,20,11.41,PT,1608484320
199,Saskylakh,71.92,114.08,-41.24,80,50,2.44,RU,1608484320
200,Sokol,59.46,40.12,33.12,96,99,8.97,RU,1608484320
201,Port Elizabeth,-33.92,25.57,71.6,88,90,12.75,ZA,1608484320
202,Pandan,14.05,124.17,79.5,85,94,15.48,PH,1608484320
203,Broken Hill,-31.95,141.43,69.8,46,75,11.41,AU,1608484321
204,Fallon,39.47,-118.78,21.2,92,1,3.36,US,1608484321
205,Bilibino,68.05,166.44,-19.66,84,15,5.75,RU,1608484321
206,Wisconsin Rapids,44.38,-89.82,26.6,79,75,10.29,US,1608484321
207,Bizhbulyak,53.7,54.26,-3.17,86,90,6.06,RU,1608484321
208,Kirakira,-10.45,161.92,78.03,76,36,3.71,SB,1608484321
209,Oranjemund,-28.55,16.43,66.47,78,9,13.85,NA,1608484322
210,Voh,-20.97,164.7,74.32,80,25,3.13,NC,1608484322
211,Comodoro Rivadavia,-45.87,-67.5,77.0,31,0,11.41,AR,1608484247
212,Rāmgarh,23.63,85.52,53.6,58,90,2.24,IN,1608484322
213,Kralendijk,12.15,-68.27,84.2,70,11,16.11,BQ,1608484031
214,Hervey Bay,-25.3,152.85,77.0,80,28,3.0,AU,1608484322
215,Teya,60.38,92.63,-11.94,85,48,3.71,RU,1608484323
216,Flinders,-34.58,150.86,66.99,90,86,1.01,AU,1608484323
217,Rudnogorsk,57.26,103.75,5.45,94,100,0.4,RU,1608484323
218,Kempsey,-31.08,152.83,71.01,97,100,2.15,AU,1608484323
219,Valparaíso,-33.04,-71.63,71.6,43,0,4.7,CL,1608484130
220,St Johann im Pongau,47.35,13.2,28.0,94,69,5.14,AT,1608484324
221,Berlevåg,70.86,29.09,30.2,86,90,25.28,NO,1608484324
222,Novo Selo,41.41,22.88,48.0,82,100,1.52,MK,1608484324
223,Hithadhoo,-0.6,73.08,82.36,74,60,6.35,MV,1608484324
224,Talakan,50.32,130.37,-6.0,90,97,3.04,RU,1608484324
225,Upata,8.01,-62.4,84.0,76,45,3.0,VE,1608484325
226,Waitati,-45.75,170.57,52.0,81,97,11.01,NZ,1608484325
227,Makat,47.65,53.35,9.54,92,98,11.74,KZ,1608484325
228,Alenquer,-1.94,-54.74,86.0,70,75,3.36,BR,1608484073
229,Acapulco de Juárez,16.86,-99.89,82.4,74,40,4.12,MX,1608484325
230,Anzio,41.49,12.62,55.99,76,5,4.7,IT,1608484040
231,Pelym,61.01,62.0,13.64,89,100,11.16,RU,1608484326
232,Turaif,31.67,38.66,55.4,62,40,9.17,SA,1608484326
233,Boca do Acre,-8.75,-67.4,84.09,75,100,6.13,BR,1608484326
234,Bam,29.11,58.36,48.25,64,69,1.12,IR,1608484326
235,Maceió,-9.67,-35.74,87.8,55,40,16.11,BR,1608484042
236,Arraial do Cabo,-22.97,-42.03,93.2,62,0,11.41,BR,1608484326
237,Dīnhāta,26.13,89.47,62.44,60,55,6.13,IN,1608484326
238,Constitución,-35.33,-72.42,67.05,46,1,18.1,CL,1608484327
239,Mayo,38.89,-76.51,44.01,81,90,11.41,US,1608484327
240,Pevek,69.7,170.31,-6.7,92,0,2.42,RU,1608484327
241,Vestmannaeyjar,63.44,-20.27,32.0,82,0,20.8,IS,1608484327
242,Brattleboro,42.85,-72.56,28.0,67,100,4.0,US,1608484327
243,Denpasar,-8.65,115.22,80.6,83,20,13.87,ID,1608484140
244,Okhotsk,59.38,143.3,-15.03,88,82,9.86,RU,1608484327
245,Naze,28.37,129.48,59.0,62,90,14.99,JP,1608484327
246,Venice,27.1,-82.45,75.0,78,90,10.29,US,1608484035
247,Dudinka,69.41,86.18,-31.0,73,90,6.71,RU,1608484328
248,Atambua,-9.11,124.89,75.81,85,100,2.98,ID,1608484328
249,Xining,36.62,101.77,9.93,67,13,4.41,CN,1608484328
250,Nanga Eboko,4.68,12.37,81.95,32,16,2.42,CM,1608484328
251,Izhma,65.01,53.91,5.14,93,44,4.18,RU,1608484329
252,Pyaozerskiy,65.83,31.17,35.89,93,100,9.62,RU,1608484329
253,Cidreira,-30.18,-50.21,80.46,50,99,11.1,BR,1608484329
254,Mount Isa,-20.73,139.5,75.2,100,96,10.29,AU,1608484329
255,Port Hardy,50.7,-127.42,44.6,87,75,5.82,CA,1608484329
256,Natchitoches,31.77,-93.13,53.6,93,90,5.17,US,1608484329
257,Mumford,5.26,-0.76,81.46,77,18,10.94,GH,1608484329
258,Asău,46.43,26.4,34.0,80,100,2.66,RO,1608484329
259,Atlantic Beach,30.33,-81.4,60.8,87,90,5.82,US,1608484329
260,Koygorodok,60.45,51.0,12.79,96,100,7.56,RU,1608484330
261,Estelle,29.85,-90.11,60.01,100,90,9.17,US,1608484330
262,Puerto Carreño,6.19,-67.49,89.15,52,70,8.79,CO,1608484330
263,Pascagoula,30.37,-88.56,59.0,87,90,9.17,US,1608484292
264,Hasaki,35.73,140.83,32.0,79,20,3.36,JP,1608484330
265,Prescott,34.54,-112.47,48.0,27,0,1.01,US,1608484330
266,San Antonio Suchitepéquez,14.53,-91.42,86.0,55,75,3.11,GT,1608484331
267,Alta Floresta,-9.88,-56.09,93.67,49,1,2.13,BR,1608484331
268,Muli,2.92,73.57,81.79,75,98,7.7,MV,1608484331
269,Ginda,30.69,78.49,49.46,37,99,5.64,IN,1608484331
270,Ilhéus,-14.79,-39.05,87.8,66,40,9.17,BR,1608484331
271,Kvarkeno,52.08,59.73,-4.36,84,44,6.76,RU,1608484331
272,Baijiantan,45.63,85.18,9.18,92,100,4.32,CN,1608484332
273,Talnakh,69.49,88.4,-31.0,73,85,6.71,RU,1608484332
274,Balaipungut,1.05,101.28,75.2,94,20,0.74,ID,1608484332
275,Vangaindrano,-23.35,47.6,76.37,90,4,5.64,MG,1608484332
276,Eilat,29.56,34.95,68.0,49,0,11.41,IL,1608484332
277,Codrington,-38.27,141.97,46.42,92,0,9.17,AU,1608484332
278,Aswān,24.09,32.91,69.12,27,23,11.41,EG,1608484333
279,Tomarovka,50.68,36.23,26.6,92,75,4.47,RU,1608484333
280,Saint-Jovite,46.12,-74.6,26.6,100,97,1.12,CA,1608484333
281,Dicabisagan,17.08,122.42,74.88,89,100,15.61,PH,1608484333
282,Saint-Leu,-21.15,55.28,78.8,78,0,14.99,RE,1608484333
283,Paraíso,9.84,-83.87,78.8,60,40,23.04,CR,1608484333
284,Hirara,24.8,125.28,66.04,77,100,27.85,JP,1608484334
285,Bambous Virieux,-20.34,57.76,79.0,78,40,9.17,MU,1608484334
286,Donegal,54.65,-8.12,44.6,87,90,25.28,IE,1608484334
287,Tiksi,71.69,128.87,-22.25,87,100,5.75,RU,1608484334
288,Kavieng,-2.57,150.8,83.64,72,85,6.17,PG,1608484334
289,Natal,-5.79,-35.21,86.0,74,40,13.87,BR,1608484334
290,Champerico,14.3,-91.92,86.0,55,75,6.46,GT,1608484334
291,Krasnosel'kup,65.7,82.47,-7.35,91,100,4.9,RU,1608484335
292,Nikšić,42.77,18.94,48.2,93,0,1.12,ME,1608484335
293,Sandpoint,48.28,-116.55,45.0,70,75,10.29,US,1608484335
294,Calvinia,-31.47,19.78,87.35,21,22,16.08,ZA,1608484335
295,Río Gallegos,-51.62,-69.22,75.2,29,75,18.34,AR,1608484335
296,Trondheim,63.43,10.4,48.2,71,0,29.97,NO,1608484336
297,Vilyuysk,63.76,121.62,-32.26,84,100,3.91,RU,1608484336
298,Antofagasta,-23.65,-70.4,72.0,68,20,16.11,CL,1608484336
299,Guarumal,8.35,-82.53,86.0,62,20,4.7,PA,1608484336
300,Hamilton,39.18,-84.53,42.8,87,90,8.05,US,1608484130
301,Bereket,39.24,55.52,38.98,74,100,16.11,TM,1608484336
302,Nagato,34.38,131.2,44.6,67,75,4.7,JP,1608484336
303,Banda Aceh,5.56,95.32,78.48,82,98,9.26,ID,1608484337
304,Salalah,17.02,54.09,77.0,61,0,2.24,OM,1608484337
305,Distrikt Brokopondo,4.75,-55.17,84.38,66,79,5.66,SR,1608484337
306,Gainesville,29.65,-82.32,62.01,84,96,6.35,US,1608484149
307,Qinhuangdao,39.93,119.59,20.98,82,0,6.44,CN,1608484337
308,Plouzané,48.38,-4.62,50.0,81,100,14.99,FR,1608484337
309,Caranavi,-15.82,-67.55,79.21,73,78,3.09,BO,1608484338
310,Ambon City,-3.7,128.18,82.45,75,100,5.91,ID,1608484338
311,Hvolsvollur,63.75,-20.22,32.0,90,0,20.8,IS,1608484338
312,Hong Kong,22.29,114.16,60.01,59,90,1.01,HK,1608484107
313,Sosnovka,56.26,51.28,1.51,93,79,8.34,RU,1608484338
314,Tambo,-14.8,-73.92,48.94,65,98,10.51,PE,1608484338
315,Khovd,48.01,91.64,4.01,78,99,0.58,MN,1608484339
316,Hefei,31.86,117.28,30.2,80,0,2.24,CN,1608484339
317,Tabou,4.42,-7.35,81.66,78,91,5.68,CI,1608484339
318,Oistins,13.07,-59.53,84.2,74,40,20.8,BB,1608484339
319,Stepnyak,52.83,70.78,1.22,86,8,13.13,KZ,1608484339
320,Sumter,28.71,-82.08,66.0,90,74,1.01,US,1608484339
321,Hohoe,7.15,0.47,86.7,56,58,2.3,GH,1608484339
322,Port Hawkesbury,45.62,-61.35,32.0,79,90,2.24,CA,1608484340
323,Waipawa,-41.41,175.52,57.2,100,84,14.99,NZ,1608484340
324,Laguna,38.42,-121.42,35.6,93,90,2.13,US,1608484340
325,Bilecik Province,40.0,30.17,39.2,80,0,2.24,TR,1608484340
326,Noumea,-22.28,166.46,78.01,94,0,2.24,NC,1608484287
327,Havøysund,71.0,24.66,30.2,80,75,18.34,NO,1608484340
328,Banjar,-8.19,114.97,80.6,83,20,13.87,ID,1608484340
329,Yanam,16.73,82.22,69.26,72,35,3.76,IN,1608484340
330,Pedernales,18.04,-71.74,84.2,66,20,6.93,DO,1608484341
331,Gáldar,28.15,-15.65,69.8,68,75,11.41,ES,1608484341
332,Makakilo City,21.35,-158.09,75.2,78,20,5.82,US,1608484059
333,Cockburn Town,21.46,-71.14,78.03,79,1,18.41,TC,1608484217
334,Coxim,-18.51,-54.76,102.29,25,1,7.72,BR,1608484341
335,Esperance,-33.87,121.9,55.4,82,1,7.23,AU,1608484341
336,San Nicolas,18.17,120.6,76.77,75,100,15.43,PH,1608484341
337,Departamento de Maldonado,-34.67,-54.92,66.2,59,75,20.8,UY,1608484065
338,Vallenar,-28.57,-70.76,86.83,20,0,11.16,CL,1608484342
339,Yumen,40.28,97.2,16.05,66,0,6.64,CN,1608484342
340,Turukhansk,65.82,87.98,-15.86,88,100,11.05,RU,1608484342
341,Walvis Bay,-22.96,14.51,63.0,88,91,11.41,NA,1608484342
342,Narasannapeta,18.42,84.05,66.07,66,0,5.91,IN,1608484342
343,Kovdor,67.57,30.48,33.46,93,100,10.47,RU,1608484342
344,Ishigaki,24.34,124.16,66.97,78,100,30.47,JP,1608484343
345,Novyy Svit,47.81,38.02,27.82,98,98,5.06,UA,1608484343
346,Vadinsk,53.69,43.06,9.32,95,44,6.91,RU,1608484343
347,Wanning,18.8,110.4,61.45,76,100,13.98,CN,1608484343
348,Delta del Tigre,-34.76,-56.39,68.0,52,75,18.34,UY,1608484343
349,Afántou,36.29,28.16,60.01,82,40,4.7,GR,1608484343
350,Henties Bay,-22.12,14.28,63.0,90,75,1.99,NA,1608484343
351,Havelock,34.88,-76.9,48.2,100,90,12.75,US,1608484344
352,Mnogovershinnyy,53.94,139.92,-18.18,83,3,4.92,RU,1608484344
353,Yangi Marg`ilon,40.43,71.72,33.8,86,90,2.24,UZ,1608484344
354,Dauphin,51.15,-100.05,12.2,94,1,6.93,CA,1608484344
355,Katherine,-14.47,132.27,77.0,94,75,4.7,AU,1608484344
356,Behbahān,30.6,50.24,51.8,87,0,6.29,IR,1608484344
357,Retz,48.75,15.96,37.0,91,100,5.99,AT,1608484345
358,Los Llanos de Aridane,28.66,-17.92,69.8,77,75,6.93,ES,1608484345
359,Glendive,47.11,-104.71,41.0,55,20,12.75,US,1608484265
360,Province of Mantua,45.17,10.78,46.99,95,94,1.01,IT,1608484345
361,Guarapari,-20.67,-40.5,89.01,70,40,17.22,BR,1608484345
362,Hwange,-18.37,26.5,76.26,77,100,2.71,ZW,1608484327
363,Māchalpur,24.13,76.3,61.7,31,89,3.91,IN,1608484346
364,Northam,51.03,-4.22,46.0,92,33,1.99,GB,1608484346
365,Illela,13.73,5.3,83.8,14,19,7.54,NG,1608484346
366,Shekhupura,31.71,73.98,53.6,66,100,4.36,PK,1608484346
367,Arden,56.77,9.86,46.99,94,100,11.1,DK,1608484346
368,Abnūb,27.27,31.15,68.0,45,0,11.41,EG,1608484346
369,Krasnogorskiy,54.6,61.23,3.9,86,66,6.26,RU,1608484346
370,Pāsighāt,28.07,95.33,57.88,38,0,4.16,IN,1608484347
371,Olinda,-8.01,-34.86,82.4,61,75,12.75,BR,1608484347
372,Mossamedes,-15.2,12.15,70.03,76,71,9.93,AO,1608484347
373,LaBelle,26.76,-81.44,80.6,61,40,11.41,US,1608484347
374,Bitung,1.45,125.18,71.6,94,40,3.36,ID,1608484348
375,Kahului,20.89,-156.47,73.4,78,20,11.41,US,1608484348
376,Kitimat,54.05,-128.65,33.01,96,100,2.68,CA,1608484348
377,Tías,28.96,-13.64,66.2,93,75,4.7,ES,1608484348
378,Progreso,21.28,-89.67,82.99,74,20,6.93,MX,1608484348
379,Lavrentiya,65.58,-171.0,-9.35,87,12,11.36,RU,1608484348
380,Honiara,-9.43,159.95,75.2,94,20,4.7,SB,1608484349
381,Constantine,36.37,6.61,50.0,93,75,4.7,DZ,1608484349
382,Ostrovnoy,68.05,39.51,27.41,97,100,17.25,RU,1608484349
383,Fairbanks,64.84,-147.72,-2.2,70,90,2.26,US,1608484349
384,Padang,-0.95,100.35,77.83,67,87,4.32,ID,1608484349
385,Garoowe,8.41,48.48,80.94,40,48,18.01,SO,1608484349
386,Dakar,14.69,-17.44,78.8,57,0,13.87,SN,1608484350
387,Preobrazheniye,42.9,133.91,15.35,82,41,10.33,RU,1608484350
388,Jumla,29.27,82.18,41.77,42,0,4.9,NP,1608484350
389,Usinsk,65.99,57.53,-6.12,89,0,9.98,RU,1608484350
390,Bose,45.46,8.01,46.0,94,100,0.2,IT,1608484350
391,Marzuq,14.4,46.47,71.46,40,42,10.8,YE,1608484350
392,Richards Bay,-28.78,32.04,76.32,83,42,1.68,ZA,1608484350
393,Kohlu,29.9,69.25,51.1,44,96,1.72,PK,1608484351
394,Tamandaré,-8.76,-35.1,83.5,64,1,13.13,BR,1608484351
395,Merauke,-8.47,140.33,79.3,86,99,3.49,ID,1608484351
396,Tela,15.78,-87.45,80.6,83,40,6.93,HN,1608484351
397,Chapais,49.78,-74.85,24.8,92,90,14.99,CA,1608484351
398,Lac du Bonnet,50.25,-96.06,10.99,65,21,5.82,CA,1608484352
399,Eyl,7.98,49.82,78.06,66,57,20.33,SO,1608484352
400,Bonavista,48.65,-53.11,28.4,86,61,1.12,CA,1608484352
401,Chokwé,-24.53,32.98,81.95,72,95,9.93,MZ,1608484352
402,Penticton,49.48,-119.59,48.2,65,75,9.17,CA,1608484056
403,São Bento,-6.28,-37.75,94.35,25,25,9.66,BR,1608484163
404,Bathsheba,13.22,-59.52,84.2,74,40,20.8,BB,1608484352
405,Kudahuvadhoo,2.67,72.89,79.88,80,100,4.92,MV,1608484353
406,Road Town,18.42,-64.62,84.2,70,40,13.87,VG,1608484184
407,Geraldton,-28.77,114.6,69.8,73,0,13.87,AU,1608484353
408,Isangel,-19.55,169.27,74.95,83,5,8.25,VU,1608484353
409,Marathon,44.9,-89.77,26.01,79,90,5.82,US,1608484353
410,Santa Cruz de la Sierra,-17.8,-63.17,87.8,66,75,16.11,BO,1608484353
411,Shache,38.42,77.24,16.0,94,63,1.63,CN,1608484353
412,Zwedru,6.07,-8.13,81.45,80,95,1.1,LR,1608484354
413,Bereda,43.27,-7.54,52.0,99,90,11.01,ES,1608484354
414,Goba,7.02,39.98,52.5,89,96,3.49,ET,1608484354
415,Puri,19.8,85.85,62.6,77,0,5.75,IN,1608484354
416,Blenheim,-41.52,173.95,59.0,90,99,1.99,NZ,1608484354
417,Bay-Khaak,51.17,94.5,-3.55,86,100,4.23,RU,1608484354
418,São Desidério,-12.36,-44.97,90.9,41,61,1.72,BR,1608484355
419,Caravelas,-17.71,-39.25,85.23,61,74,15.84,BR,1608484355
420,College,64.86,-147.8,-2.2,70,90,2.48,US,1608484355
421,Caucaia,-3.74,-38.65,86.0,62,75,17.22,BR,1608484355
422,Bria,6.54,21.99,80.91,18,13,3.56,CF,1608484355
423,Nalgonda,17.05,79.27,67.6,50,0,4.59,IN,1608484355
424,San Isidro,-12.12,-77.05,69.8,77,90,5.82,PE,1608484355
425,Oktyabr'skoye,43.06,44.74,28.4,100,90,6.71,RU,1608484355
426,Rawlins,41.79,-107.24,26.6,53,1,8.05,US,1608484117
427,Beloha,-25.17,45.05,78.1,80,71,13.24,MG,1608484356
428,Kolpashevo,58.31,82.91,-10.84,88,0,7.0,RU,1608484356
429,Stykkisholmur,65.08,-22.73,29.35,91,100,29.24,IS,1608484356
430,Funadhoo,6.15,73.27,82.99,74,88,16.98,MV,1608484356
431,Avilés,43.55,-5.92,59.0,82,40,4.23,ES,1608484357
432,Paamiut,61.99,-49.67,27.48,91,100,28.79,GL,1608484357
433,Uvarovo,51.98,42.26,8.01,96,70,5.57,RU,1608484357
434,Guymon,36.68,-101.48,39.2,55,1,10.29,US,1608484357
435,Mattru,7.62,-11.83,85.68,63,42,3.49,SL,1608484357
436,Oriximiná,-1.77,-55.87,90.5,52,85,3.09,BR,1608484159
437,Wonthaggi,-38.6,145.59,55.0,83,4,9.95,AU,1608484357
438,Malaya Vishera,58.85,32.22,33.71,97,100,7.47,RU,1608484357
439,Ust-Maya,60.42,134.53,-29.7,84,100,3.24,RU,1608484358
440,Molteno,-31.4,26.36,72.45,58,66,20.0,ZA,1608484358
441,Corralillo,22.98,-80.59,79.68,70,2,11.56,CU,1608484358
442,Kruisfontein,-34.0,24.73,73.0,82,26,4.0,ZA,1608484358
443,Stara Syniava,49.6,27.62,31.69,98,51,5.75,UA,1608484358
444,Governador Valadares,-18.85,-41.95,90.46,53,81,3.51,BR,1608484358
445,Balkhash,46.84,74.98,11.46,95,100,11.56,KZ,1608484359
446,Uberlândia,-18.92,-48.28,86.18,49,71,5.46,BR,1608484180
447,Praia da Vitória,38.73,-27.07,66.2,88,75,27.67,PT,1608484359
448,Dombarovskiy,50.76,59.54,-8.54,83,31,1.68,RU,1608484359
449,Hualmay,-11.1,-77.61,74.05,67,23,10.63,PE,1608484359
450,Ossora,59.24,163.07,18.68,97,100,17.47,RU,1608484359
451,Khani,41.96,42.96,41.0,100,90,5.82,GE,1608484359
452,Ukiah,39.15,-123.21,46.0,100,90,2.1,US,1608484360
453,Moorhead,46.87,-96.77,28.4,79,1,5.82,US,1608484360
454,Beringovskiy,63.05,179.32,-7.26,91,91,15.26,RU,1608484360
455,Gboko,7.32,9.0,91.04,15,0,4.27,NG,1608484360
456,Fiumicino,41.77,12.23,57.0,71,0,2.24,IT,1608484360
457,Udachny,66.42,112.4,-32.8,66,90,3.94,RU,1608484360
458,Ahipara,-35.17,173.17,60.84,84,30,3.83,NZ,1608484361
459,Ponta Delgada,37.73,-25.67,62.6,93,75,13.87,PT,1608484361
460,Nikolayevka,53.13,47.2,2.57,92,14,4.07,RU,1608484361
461,Micheweni,-4.97,39.83,81.1,81,2,10.8,TZ,1608484361
462,Rio Grande City,26.38,-98.82,68.0,74,0,2.19,US,1608484361
463,Namatanai,-3.67,152.43,79.95,79,40,3.31,PG,1608484361
464,Pangnirtung,66.15,-65.71,8.04,82,99,11.34,CA,1608484362
465,Hīt,33.64,42.83,56.82,56,0,5.75,IQ,1608484362
466,Okha,53.57,142.95,-10.34,88,33,12.66,RU,1608484362
467,São Filipe,14.9,-24.5,75.33,67,94,11.3,CV,1608484362
468,Egvekinot,66.32,-179.17,-12.06,86,13,14.2,RU,1608484362
469,Gravdal,68.12,13.5,44.6,87,75,19.46,NO,1608484362
470,Rio Bananal,-19.27,-40.33,87.04,65,98,7.4,BR,1608484362
471,Araouane,18.9,-3.53,73.27,20,1,9.53,ML,1608484363
472,Coyhaique,-45.58,-72.07,62.6,45,40,10.29,CL,1608484363
473,Sørland,67.67,12.69,46.4,81,75,27.51,NO,1608484363
474,Esim,4.87,-2.24,82.49,72,23,7.07,GH,1608484363
475,Huarmey,-10.07,-78.15,74.41,68,3,9.84,PE,1608484363
476,Nouadhibou,20.93,-17.03,78.8,31,0,13.87,MR,1608484363
477,Cherskiy,68.75,161.3,-29.11,85,0,1.12,RU,1608484364
478,Sur,22.57,59.53,71.1,67,3,10.45,OM,1608484364
479,Sulangan,11.14,123.72,82.11,80,100,15.08,PH,1608484364
480,Touros,-5.2,-35.46,86.0,62,40,19.46,BR,1608484364
481,Basoko,1.24,23.62,80.74,58,26,1.86,CD,1608484365
482,Lakatoro,-16.1,167.42,77.31,81,25,6.73,VU,1608484365
483,Daru,-9.08,143.21,78.51,76,41,2.24,PG,1608484365
484,Valdivia,-39.81,-73.25,62.6,59,75,6.93,CL,1608484365
485,Faanui,-16.48,-151.75,80.2,71,60,5.82,PF,1608484365
486,Boddam,57.47,-1.78,42.8,81,1,18.34,GB,1608484365
487,Quatre Cocos,-20.21,57.76,79.0,78,40,9.17,MU,1608484365
488,Lingdong,46.57,131.15,3.56,92,55,9.91,CN,1608484366
489,Peleduy,59.63,112.74,-3.33,90,91,6.85,RU,1608484366
490,Harper,4.38,-7.72,81.48,80,83,6.49,LR,1608484366
491,Chupa,66.27,33.05,36.64,96,100,8.61,RU,1608484366
492,Iralaya,15.0,-83.23,81.81,76,6,10.6,HN,1608484366
493,Nantucket,41.28,-70.1,46.4,75,90,8.05,US,1608484085
494,Larsnes,62.2,5.58,46.4,65,75,32.21,NO,1608484366
495,Anadyr,64.75,177.48,-14.01,75,40,8.95,RU,1608484367
496,Saint-Cyr-sur-Loire,47.4,0.67,50.0,81,75,6.93,FR,1608484367
497,Charcas,23.13,-101.12,56.12,67,88,5.75,MX,1608484367
498,Tabas,33.6,56.92,46.4,75,0,2.24,IR,1608484367
499,Mindelo,16.89,-24.98,77.0,53,75,27.51,CV,1608484367
500,Korem,12.51,39.52,55.8,81,55,7.83,ET,1608484367
501,Suez,29.97,32.53,63.36,66,0,12.08,EG,1608484368
502,Port Moresby,-9.44,147.18,75.2,94,20,8.05,PG,1608484368
503,Pontianak,-0.03,109.33,76.57,91,100,3.71,ID,1608484368
504,Petropavlovka,50.61,105.32,2.1,87,53,4.12,RU,1608484368
505,Popondetta,-8.75,148.25,74.35,92,100,2.08,PG,1608484368
506,Wenzhou,28.0,120.67,44.01,66,46,3.29,CN,1608484237
507,Baraguá,21.7,-78.63,83.77,60,23,9.51,CU,1608484369
508,Arrondissement de Toul,48.67,5.92,50.0,87,75,9.17,FR,1608484369
509,Kailua,21.4,-157.74,75.2,83,75,14.99,US,1608484369
510,Olkhovka,53.21,60.61,1.15,84,62,10.71,RU,1608484369
511,San Javier,37.81,-0.84,64.4,48,0,5.82,ES,1608484369
512,Rørvik,64.86,11.24,44.6,65,0,9.17,NO,1608484369
513,Kieta,-6.22,155.63,79.74,77,99,3.67,PG,1608484369
514,Magrath,49.42,-112.87,44.6,48,89,29.97,CA,1608484304
515,Luau,-10.71,22.22,65.75,97,87,5.53,AO,1608484370
516,Nome,64.5,-165.41,-16.6,68,1,3.8,US,1608484370
517,Cairns,-16.92,145.77,80.6,74,90,1.12,AU,1608484370
518,Stokmarknes,68.56,14.91,44.6,93,75,16.11,NO,1608484370
519,Derby,52.92,-1.48,44.6,81,75,9.17,GB,1608484301
520,Paris,48.85,2.35,50.0,87,75,5.82,FR,1608483900
521,Erzin,36.96,36.2,62.01,68,0,1.99,TR,1608484371
522,Barcelos,41.54,-8.62,57.2,93,75,14.99,PT,1608484371
523,Kiryat Shmona,33.21,35.57,68.0,60,0,4.7,IL,1608484371
524,Cairo,30.06,31.25,64.4,63,40,16.11,EG,1608484294
525,Nemuro,43.32,145.57,24.6,84,7,10.89,JP,1608484372
526,Hakodate,41.78,140.74,24.8,92,90,5.82,JP,1608484372
527,Springbok,-29.66,17.89,82.81,26,92,3.65,ZA,1608484372
528,Haines Junction,60.75,-137.51,15.51,90,50,3.09,CA,1608484372
529,Pangody,65.85,74.49,-12.35,89,100,14.61,RU,1608484372
530,Mareeba,-17.0,145.43,80.6,74,90,1.12,AU,1608484372
531,Opuwo,-18.06,13.84,81.81,28,82,16.04,NA,1608484373
532,Bonthe,7.53,-12.51,83.34,68,21,6.51,SL,1608484373
533,Vysokogornyy,50.12,139.15,-19.08,87,99,3.76,RU,1608484373
534,Najrān,17.49,44.13,66.2,59,0,6.93,SA,1608484373
535,Alugan,12.22,125.48,81.16,83,100,15.12,PH,1608484373
536,Kabo,7.7,18.63,84.54,16,0,3.6,CF,1608484373
537,Entre Rios,-11.94,-38.08,90.03,44,97,10.78,BR,1608484219
538,Kununurra,-15.77,128.73,78.8,100,75,5.82,AU,1608484374
539,Port Blair,11.67,92.75,80.42,78,19,11.99,IN,1608484090
540,Vila Velha,-20.33,-40.29,89.01,70,40,17.22,BR,1608484310
541,Saint-Augustin,51.23,-58.65,22.8,93,46,4.63,CA,1608484374
542,Mogadishu,2.04,45.34,79.97,83,18,16.37,SO,1608484341
543,Honningsvåg,70.98,25.97,30.2,80,75,18.34,NO,1608484374
544,Kongolo,-5.38,27.0,71.56,93,61,0.92,CD,1608484375
545,Agüimes,27.91,-15.45,69.8,68,75,11.41,ES,1608484375
546,Aloleng,16.13,119.78,78.78,74,55,11.63,PH,1608484375
547,De-Kastri,51.47,140.78,-8.66,85,0,6.02,RU,1608484375
548,Bridlington,54.08,-0.19,44.6,87,85,6.93,GB,1608484375
549,Marabu,4.41,114.01,80.6,94,40,5.82,MY,1608484375
550,Iquitos,-3.75,-73.25,82.4,78,75,6.93,PE,1608484264
551,Verkhnevilyuysk,63.45,120.32,-28.57,85,100,2.86,RU,1608484376
552,Nouakchott,18.09,-15.98,82.4,14,1,20.8,MR,1608484376
553,Crawfordsville,40.04,-86.87,36.0,80,75,10.29,US,1608484376
554,Jaguarão,-32.57,-53.38,70.0,47,0,5.99,BR,1608484195
555,Dingle,11.0,122.67,76.59,90,100,6.29,PH,1608484376
556,Mugur-Aksy,50.35,90.5,3.2,76,60,7.9,RU,1608484376
557,Mayumba,-3.43,10.66,77.99,88,70,11.48,GA,1608484376
558,Tres Arroyos,-38.37,-60.28,63.39,49,91,18.7,AR,1608484376
559,Çine,37.61,28.06,50.0,93,40,4.7,TR,1608484227
560,Portland,45.52,-122.68,51.01,94,100,3.85,US,1608483973
561,Panabá,21.28,-88.27,80.55,72,2,4.45,MX,1608484377
562,Ji’an,27.12,114.98,39.94,72,0,6.29,CN,1608484377
563,Havre-St-Pierre,50.23,-63.6,28.4,63,90,2.24,CA,1608484377
564,Tual,-5.67,132.75,84.16,74,100,11.83,ID,1608484377
565,Xichang,27.9,102.26,38.08,76,0,1.97,CN,1608484378
566,Darnah,32.77,22.64,60.85,72,60,10.49,LY,1608484378
567,Lata,40.16,-8.33,60.01,77,40,8.05,PT,1608484378
568,Avera,33.19,-82.53,48.99,84,90,5.82,US,1608484378
569,Meulaboh,4.14,96.13,77.45,87,100,2.48,ID,1608484378
570,Nizwá,22.93,57.53,64.49,53,72,4.61,OM,1608484378
571,Kontariótissa,40.23,22.46,50.0,86,100,0.94,GR,1608484378
572,Pitimbu,-7.47,-34.81,84.2,66,75,13.87,BR,1608484379
573,Gamba,-2.65,10.0,77.09,91,100,8.57,GA,1608484379
574,Gorontalo,0.54,123.06,78.37,81,98,2.28,ID,1608484379
575,Tucumã,-0.18,-50.05,88.81,56,2,6.76,BR,1608484379
